Last Name,Unique ID,Hire Number,First Name,Name,Job Title
Ledster,0071bec1-6424-419e-ae45-bef97e541c74,182,Janela,Janela Ledster (ID:0071bec1-6424-419e-ae45-bef97e541c74),Marketing Assistant
Forestel,569536f5-919f-43cf-bc0e-3d6e4b21e33d,20,Ham,Ham Forestel (ID:569536f5-919f-43cf-bc0e-3d6e4b21e33d),Software Engineer IV
Sheers,f13432c3-6720-490a-933e-2cfc36e169c7,35,Samaria,Samaria Sheers (ID:f13432c3-6720-490a-933e-2cfc36e169c7),Librarian
Denisovich,24fb69ce-3697-4034-8198-48c398f28de9,77,Axe,Axe Denisovich (ID:24fb69ce-3697-4034-8198-48c398f28de9),Marketing Manager
Corpes,9a895b2a-7768-49c9-adcc-2a84268f6df4,124,Terencio,Terencio Corpes (ID:9a895b2a-7768-49c9-adcc-2a84268f6df4),Software Engineer IV
Brydson,715c9b2b-ee9a-4f2c-89ce-d21ade41eb68,138,Thorvald,Thorvald Brydson (ID:715c9b2b-ee9a-4f2c-89ce-d21ade41eb68),Programmer I
Gandar,1656d376-eb8f-465d-a2fd-8bcdc1e68454,161,Rori,Rori Gandar (ID:1656d376-eb8f-465d-a2fd-8bcdc1e68454),Chemical Engineer
Howie,b86e4aee-1d35-4715-93c5-0751489622e0,37,Elisha,Elisha Howie (ID:b86e4aee-1d35-4715-93c5-0751489622e0),Web Developer II
Borel,b704c29a-ec3c-4723-bf7e-11665e26214f,108,Phineas,Phineas Borel (ID:b704c29a-ec3c-4723-bf7e-11665e26214f),Account Representative IV
Brooker,0a86264c-9292-4d89-b8de-d66f6d0fbc3c,191,Ianthe,Ianthe Brooker (ID:0a86264c-9292-4d89-b8de-d66f6d0fbc3c),Nurse
Tetla,3c8a2cbd-bd92-4eca-a833-bdd1de0de8b8,189,Alasteir,Alasteir Tetla (ID:3c8a2cbd-bd92-4eca-a833-bdd1de0de8b8),VP Product Management
Mussalli,0fb96129-7607-478e-9b0d-b7864d73e04b,56,Francesca,Francesca Mussalli (ID:0fb96129-7607-478e-9b0d-b7864d73e04b),Design Engineer
Mitroshinov,9f3825bc-1059-4b83-aa3e-81cee6ec9870,61,Lavena,Lavena Mitroshinov (ID:9f3825bc-1059-4b83-aa3e-81cee6ec9870),Budget/Accounting Analyst III
Laflin,13cd2ff7-cf5d-464e-951b-031d58fcdeac,76,Brander,Brander Laflin (ID:13cd2ff7-cf5d-464e-951b-031d58fcdeac),Web Developer I
de Quincey,cdf976e3-0a6f-4004-81b1-1f62aa07753f,71,Gerick,Gerick de Quincey (ID:cdf976e3-0a6f-4004-81b1-1f62aa07753f),Design Engineer
Layburn,ba75256a-a5bd-49d6-8869-bfa4dc2c0dc7,7,Elihu,Elihu Layburn (ID:ba75256a-a5bd-49d6-8869-bfa4dc2c0dc7),Nurse Practicioner
Hellens,cb34adab-c5d2-46e4-b201-b4c97ff4239d,134,Abramo,Abramo Hellens (ID:cb34adab-c5d2-46e4-b201-b4c97ff4239d),Accountant I
Sherborne,fff2fc26-99e7-4b6a-8abd-2a374a55f62d,16,Karel,Karel Sherborne (ID:fff2fc26-99e7-4b6a-8abd-2a374a55f62d),Operator
Haddow,04aee2a3-7c5c-4f95-8838-382bada5f2b2,88,Shari,Shari Haddow (ID:04aee2a3-7c5c-4f95-8838-382bada5f2b2),Automation Specialist II
Shawdforth,f4a0849d-daa9-47a1-ab4a-99054f937884,195,Leona,Leona Shawdforth (ID:f4a0849d-daa9-47a1-ab4a-99054f937884),Actuary
Walworche,d14ce324-5c28-4f2f-9b2b-e6cbba30ac87,36,Cathie,Cathie Walworche (ID:d14ce324-5c28-4f2f-9b2b-e6cbba30ac87),Chemical Engineer
Jacomb,dd8de04d-c070-4583-b9b4-dd62bdadc60a,128,Tirrell,Tirrell Jacomb (ID:dd8de04d-c070-4583-b9b4-dd62bdadc60a),Junior Executive
Groll,c017daea-8261-4d67-becd-e9b47b83b01d,139,Galen,Galen Groll (ID:c017daea-8261-4d67-becd-e9b47b83b01d),Software Consultant
McCord,4792eb60-28c2-4d71-9486-1380c157bf45,60,Rockwell,Rockwell McCord (ID:4792eb60-28c2-4d71-9486-1380c157bf45),Paralegal
Corinton,7be86c15-07f0-4f1f-8359-62a675be904f,98,Gardener,Gardener Corinton (ID:7be86c15-07f0-4f1f-8359-62a675be904f),Nurse
Malins,21b7da75-d87b-4dfd-a418-a4a7257680f2,3,Collen,Collen Malins (ID:21b7da75-d87b-4dfd-a418-a4a7257680f2),Environmental Specialist
Carlon,d412b622-961e-4703-aad9-89943d4c91d7,91,Jeanette,Jeanette Carlon (ID:d412b622-961e-4703-aad9-89943d4c91d7),Assistant Professor
Caneo,ab566e1c-3442-45cc-90df-bca993f49621,44,Jessey,Jessey Caneo (ID:ab566e1c-3442-45cc-90df-bca993f49621),Junior Executive
Coker,2c618ca4-85e3-4c83-b075-3dbf45ebb3c4,10,Tomasine,Tomasine Coker (ID:2c618ca4-85e3-4c83-b075-3dbf45ebb3c4),Safety Technician IV
Elcox,94558bef-7386-471c-b047-900153ed4139,158,Edyth,Edyth Elcox (ID:94558bef-7386-471c-b047-900153ed4139),Data Coordiator
Joules,8272f1ae-5302-4c14-b851-f000103c654a,137,Derrick,Derrick Joules (ID:8272f1ae-5302-4c14-b851-f000103c654a),Database Administrator IV
McQuade,d54fe27f-b447-49c7-8ef0-26bd9cb96a69,111,Jesselyn,Jesselyn McQuade (ID:d54fe27f-b447-49c7-8ef0-26bd9cb96a69),Executive Secretary
Wayt,3aa357b3-f641-46b7-afbc-8f5bc7a0a814,196,Inna,Inna Wayt (ID:3aa357b3-f641-46b7-afbc-8f5bc7a0a814),Nurse
Cuberley,e7307955-f799-4600-8e33-2e2c1067608e,154,Babb,Babb Cuberley (ID:e7307955-f799-4600-8e33-2e2c1067608e),Database Administrator II
Messruther,ae2da71d-f09b-4848-bc5c-cfe857808d1b,164,Lavina,Lavina Messruther (ID:ae2da71d-f09b-4848-bc5c-cfe857808d1b),Internal Auditor
Rosberg,4414e216-8d33-4a03-9470-6aa2568183cb,106,Yolanthe,Yolanthe Rosberg (ID:4414e216-8d33-4a03-9470-6aa2568183cb),Actuary
Schimmang,16a05ea5-7bbd-4353-bc25-878a2245835e,2,Juliette,Juliette Schimmang (ID:16a05ea5-7bbd-4353-bc25-878a2245835e),Account Manager
Possell,89bcec04-7f0e-4587-9616-db6e7abf0495,89,Padraig,Padraig Possell (ID:89bcec04-7f0e-4587-9616-db6e7abf0495),VP Product Management
Isgar,8f878c3c-0800-4624-b18d-65f6d7336875,129,Shep,Shep Isgar (ID:8f878c3c-0800-4624-b18d-65f6d7336875),Social Worker
Scamerden,fca1c7b7-ae70-408f-875e-c25c874eb596,80,Gavin,Gavin Scamerden (ID:fca1c7b7-ae70-408f-875e-c25c874eb596),Cost Accountant
Brazil,9ed40bf6-ef29-4f02-af92-b2c90e025308,12,Brittany,Brittany Brazil (ID:9ed40bf6-ef29-4f02-af92-b2c90e025308),Junior Executive
Enrique,36e49013-466f-4f08-8f54-7d3fde0c9ded,142,Giovanni,Giovanni Enrique (ID:36e49013-466f-4f08-8f54-7d3fde0c9ded),Human Resources Manager
Gostall,6d533fef-6932-40f9-bde7-4a3ec16df39b,188,Nathaniel,Nathaniel Gostall (ID:6d533fef-6932-40f9-bde7-4a3ec16df39b),Occupational Therapist
Duffin,90d55de3-2030-4c7a-9954-b996fe3ddc95,127,Sada,Sada Duffin (ID:90d55de3-2030-4c7a-9954-b996fe3ddc95),Research Assistant III
Hardwich,9212d37a-7452-4833-bc0a-5f3798142944,57,Emilio,Emilio Hardwich (ID:9212d37a-7452-4833-bc0a-5f3798142944),Computer Systems Analyst III
Iacovelli,15b7946d-2a00-4200-8c55-69286cbefc8a,94,Andreas,Andreas Iacovelli (ID:15b7946d-2a00-4200-8c55-69286cbefc8a),Occupational Therapist
Skillett,3c23f3f6-b5d5-4a6d-9e4b-b6a7aa754d88,130,Val,Val Skillett (ID:3c23f3f6-b5d5-4a6d-9e4b-b6a7aa754d88),Paralegal
Barkes,6d7adbca-a1e3-4839-abeb-bb20fac3d137,43,Margaux,Margaux Barkes (ID:6d7adbca-a1e3-4839-abeb-bb20fac3d137),Environmental Tech
Weymont,1bdcaf65-3ab0-4119-ae59-d19081c85579,87,Sid,Sid Weymont (ID:1bdcaf65-3ab0-4119-ae59-d19081c85579),Teacher
Siddens,a8bf326e-41c1-4c46-a86f-14fbf59bacc7,151,Cam,Cam Siddens (ID:a8bf326e-41c1-4c46-a86f-14fbf59bacc7),Associate Professor
Murison,baa1dfa7-1fc8-4b90-93f7-96d60077a833,75,Ogdon,Ogdon Murison (ID:baa1dfa7-1fc8-4b90-93f7-96d60077a833),Teacher
Plumbridge,24538166-ab56-42ae-ac01-266b3a4cace3,14,Kim,Kim Plumbridge (ID:24538166-ab56-42ae-ac01-266b3a4cace3),Software Test Engineer I
Caple,80352bb3-653f-4b2d-87df-1a00c92064b2,197,Ibbie,Ibbie Caple (ID:80352bb3-653f-4b2d-87df-1a00c92064b2),Automation Specialist II
Denisevich,987f895d-e8ea-4b81-bb7e-8853e34d70d3,4,Woodrow,Woodrow Denisevich (ID:987f895d-e8ea-4b81-bb7e-8853e34d70d3),Software Test Engineer III
Ewings,32aa4f39-ace7-4edd-aa9b-745380490d02,132,Kyle,Kyle Ewings (ID:32aa4f39-ace7-4edd-aa9b-745380490d02),Civil Engineer
Casterton,3165da40-261a-48a5-94bb-17a315d45d84,150,Homere,Homere Casterton (ID:3165da40-261a-48a5-94bb-17a315d45d84),Database Administrator II
Gotthard,b22f8271-8cd7-4fc7-91be-599ae5d2353b,24,Corrinne,Corrinne Gotthard (ID:b22f8271-8cd7-4fc7-91be-599ae5d2353b),Information Systems Manager
Ballsdon,e550bdce-9f50-4d9d-82eb-cd900136d78a,119,Claiborne,Claiborne Ballsdon (ID:e550bdce-9f50-4d9d-82eb-cd900136d78a),Human Resources Manager
Bolte,63f051f0-8b18-4063-bdb4-d4324e136957,101,Mirella,Mirella Bolte (ID:63f051f0-8b18-4063-bdb4-d4324e136957),Web Developer II
Castle,f88b6c58-3c84-4c08-b947-000ee05a0ce2,181,Seamus,Seamus Castle (ID:f88b6c58-3c84-4c08-b947-000ee05a0ce2),Account Executive
Gaythwaite,9fe17aba-016f-4988-9669-c933f624a105,183,Torin,Torin Gaythwaite (ID:9fe17aba-016f-4988-9669-c933f624a105),Budget/Accounting Analyst III
Baxster,244d78bf-70fc-4f8e-8c84-a934c2ae87b8,165,Marchall,Marchall Baxster (ID:244d78bf-70fc-4f8e-8c84-a934c2ae87b8),Internal Auditor
von Nassau,3b14cee3-a622-48b2-9f35-5b14c8585407,143,Chevalier,Chevalier von Nassau (ID:3b14cee3-a622-48b2-9f35-5b14c8585407),Budget/Accounting Analyst II
Peyro,f16d1df0-da1c-41e4-a382-b6ca06dced20,13,Humbert,Humbert Peyro (ID:f16d1df0-da1c-41e4-a382-b6ca06dced20),Account Representative I
Cleugher,8e14d972-fc8c-44d1-a6c3-9b6cdb4b3d24,123,Heida,Heida Cleugher (ID:8e14d972-fc8c-44d1-a6c3-9b6cdb4b3d24),Staff Scientist
Juarez,dfd3af90-8139-4f84-8d53-32a29a9d66b4,31,Fidela,Fidela Juarez (ID:dfd3af90-8139-4f84-8d53-32a29a9d66b4),VP Accounting
Pearcy,c5bd00e1-2e8f-4241-8c8e-f92613368b1c,163,Rosamond,Rosamond Pearcy (ID:c5bd00e1-2e8f-4241-8c8e-f92613368b1c),Pharmacist
Conlon,fa9b696a-b080-4326-b7d4-d3b2f64a4b4b,107,Adelle,Adelle Conlon (ID:fa9b696a-b080-4326-b7d4-d3b2f64a4b4b),Help Desk Technician
Vasey,15735e91-6c0b-4470-90ea-7b71c0031760,170,Ric,Ric Vasey (ID:15735e91-6c0b-4470-90ea-7b71c0031760),Developer I
Doswell,1204bb40-0d75-4ad0-9632-99efaa418b27,50,Liuka,Liuka Doswell (ID:1204bb40-0d75-4ad0-9632-99efaa418b27),Help Desk Operator
Meighan,7211bb32-3f01-4094-ad41-9ea291075ff6,97,Shamus,Shamus Meighan (ID:7211bb32-3f01-4094-ad41-9ea291075ff6),Senior Cost Accountant
Cake,1617d9a5-5dea-4aba-b0aa-569f7ce92366,168,Auria,Auria Cake (ID:1617d9a5-5dea-4aba-b0aa-569f7ce92366),Teacher
Gidley,0277eef5-beec-4108-be03-7a4267a05f1c,136,Jdavie,Jdavie Gidley (ID:0277eef5-beec-4108-be03-7a4267a05f1c),Mechanical Systems Engineer
Bartos,157f2421-968b-4c9f-9b30-cfa929f430b2,96,Morris,Morris Bartos (ID:157f2421-968b-4c9f-9b30-cfa929f430b2),Software Test Engineer IV
Scorrer,d963d513-d817-427b-bf90-d63e58b897c5,90,Petunia,Petunia Scorrer (ID:d963d513-d817-427b-bf90-d63e58b897c5),Biostatistician III
Huntar,e8b73b2c-b1b2-4c31-93ac-3e60365c18ce,105,Hogan,Hogan Huntar (ID:e8b73b2c-b1b2-4c31-93ac-3e60365c18ce),Account Representative II
Huskinson,34d06039-7aa1-4974-9f41-e494b440930c,5,Norris,Norris Huskinson (ID:34d06039-7aa1-4974-9f41-e494b440930c),Research Nurse
Hinckesman,31127a1b-51fe-49ff-8490-def66bbc1a7f,186,Mackenzie,Mackenzie Hinckesman (ID:31127a1b-51fe-49ff-8490-def66bbc1a7f),VP Quality Control
Pigdon,2e634456-08b5-4227-9b43-74f0d72df41a,29,Penn,Penn Pigdon (ID:2e634456-08b5-4227-9b43-74f0d72df41a),Analog Circuit Design manager
Schmidt,e2473ea4-a8ec-413c-8d23-6f24ca13bf4c,144,Carolee,Carolee Schmidt (ID:e2473ea4-a8ec-413c-8d23-6f24ca13bf4c),Chief Design Engineer
Denys,42426aa1-9bb1-458f-a3d8-25e53c60eeab,171,Gib,Gib Denys (ID:42426aa1-9bb1-458f-a3d8-25e53c60eeab),Structural Engineer
Petrasso,a2471e47-ed08-43a0-af3d-4dcdf6405aa4,83,Ulises,Ulises Petrasso (ID:a2471e47-ed08-43a0-af3d-4dcdf6405aa4),Statistician III
Grass,d1015b0c-5176-4e67-b481-da05f9d02a48,192,Irv,Irv Grass (ID:d1015b0c-5176-4e67-b481-da05f9d02a48),Software Engineer IV
Artinstall,2fffceae-a673-4b77-bbee-7ef4d9f68db1,59,Colleen,Colleen Artinstall (ID:2fffceae-a673-4b77-bbee-7ef4d9f68db1),Director of Sales
Cabell,ba7a90b2-eca3-432e-b3af-f0b310d6c8c8,27,Isaiah,Isaiah Cabell (ID:ba7a90b2-eca3-432e-b3af-f0b310d6c8c8),Chief Design Engineer
Izard,e731e9bc-c0c6-498d-a87f-a639575f4fcb,73,Lukas,Lukas Izard (ID:e731e9bc-c0c6-498d-a87f-a639575f4fcb),Statistician I
Prewett,44692579-1299-4295-954c-55b8f92eb487,185,Collette,Collette Prewett (ID:44692579-1299-4295-954c-55b8f92eb487),Accountant IV
Nodes,59ed24de-c469-44d2-9fb2-54ea3a5bc9b9,114,Alyosha,Alyosha Nodes (ID:59ed24de-c469-44d2-9fb2-54ea3a5bc9b9),Cost Accountant
Lewington,7cb09157-e51a-467a-baab-cd990fac4b9b,86,Hollie,Hollie Lewington (ID:7cb09157-e51a-467a-baab-cd990fac4b9b),Junior Executive
Cappell,2d20ecb7-c192-4ddc-b79e-cf7a1722bdeb,155,Olympe,Olympe Cappell (ID:2d20ecb7-c192-4ddc-b79e-cf7a1722bdeb),Structural Analysis Engineer
Galloway,6a0086ea-d403-4240-aa63-bb02ef5d6014,53,Merv,Merv Galloway (ID:6a0086ea-d403-4240-aa63-bb02ef5d6014),Actuary
Fowler,a4fa87f2-d839-4bf1-b09e-98f54d6d07bd,199,Ethelyn,Ethelyn Fowler (ID:a4fa87f2-d839-4bf1-b09e-98f54d6d07bd),Design Engineer
Igo,acbf3b4e-f4d7-4d9a-bf20-ab0a1d64f5a5,52,Camey,Camey Igo (ID:acbf3b4e-f4d7-4d9a-bf20-ab0a1d64f5a5),Community Outreach Specialist
Reams,c3e393e9-920b-4423-83bd-f65f8fdf3717,47,Lyndsay,Lyndsay Reams (ID:c3e393e9-920b-4423-83bd-f65f8fdf3717),Legal Assistant
Tarpey,d24f1008-97e4-4d3e-aaf2-77db6b4a40ff,81,Davey,Davey Tarpey (ID:d24f1008-97e4-4d3e-aaf2-77db6b4a40ff),Community Outreach Specialist
Scurr,00674f4a-59d1-46df-be3e-8b9d03867658,95,Karleen,Karleen Scurr (ID:00674f4a-59d1-46df-be3e-8b9d03867658),Account Representative I
Duff,c2c60394-7bd6-4ea3-a095-22981047019a,74,Fred,Fred Duff (ID:c2c60394-7bd6-4ea3-a095-22981047019a),Administrative Assistant III
Alten,0f52151f-0555-496f-8d52-ebc211d81de0,26,Joellyn,Joellyn Alten (ID:0f52151f-0555-496f-8d52-ebc211d81de0),Technical Writer
Cruce,f2cd26d3-6da3-4dc7-b935-838bfec15c58,125,Rachelle,Rachelle Cruce (ID:f2cd26d3-6da3-4dc7-b935-838bfec15c58),Electrical Engineer
Sacco,7f216080-f4e9-42c0-8f9b-eeadc9b6976f,175,Giorgio,Giorgio Sacco (ID:7f216080-f4e9-42c0-8f9b-eeadc9b6976f),Health Coach IV
Bottell,43cdf2a6-1cdd-438a-8b68-fd02253fd14a,122,Prissie,Prissie Bottell (ID:43cdf2a6-1cdd-438a-8b68-fd02253fd14a),Senior Quality Engineer
Harrisson,2518c2f4-d1fa-4bbf-b7a4-b59d5ecf2106,140,Kelsey,Kelsey Harrisson (ID:2518c2f4-d1fa-4bbf-b7a4-b59d5ecf2106),Health Coach I
Metham,6b08db07-e2f0-4a15-83ce-00d98f61a355,8,Vick,Vick Metham (ID:6b08db07-e2f0-4a15-83ce-00d98f61a355),Electrical Engineer
Lanfranconi,f3e19955-47ec-4ea6-a457-aa6cc8499d07,176,Mara,Mara Lanfranconi (ID:f3e19955-47ec-4ea6-a457-aa6cc8499d07),Director of Sales
Bees,651ed267-a744-415d-9829-3b273d735f22,190,Hannis,Hannis Bees (ID:651ed267-a744-415d-9829-3b273d735f22),Help Desk Operator
Hance,aa2bd357-891f-4040-916c-ea40875cd5c9,99,Arlene,Arlene Hance (ID:aa2bd357-891f-4040-916c-ea40875cd5c9),VP Sales
Cowser,05fcec5c-3004-4377-b557-ffe3a744a7ce,147,Cortney,Cortney Cowser (ID:05fcec5c-3004-4377-b557-ffe3a744a7ce),Occupational Therapist
Burge,c7c614f3-b69e-4611-a548-62b9aeccc0be,178,Ferne,Ferne Burge (ID:c7c614f3-b69e-4611-a548-62b9aeccc0be),Executive Secretary
MacUchadair,ab92bde1-97e0-4d07-960e-088b7fb2ea8d,149,Patti,Patti MacUchadair (ID:ab92bde1-97e0-4d07-960e-088b7fb2ea8d),Financial Analyst
Manon,420c7f54-137e-49b3-a2db-e1f0fc59d228,200,Randolph,Randolph Manon (ID:420c7f54-137e-49b3-a2db-e1f0fc59d228),Nurse
Crampin,00e04f2b-e0ac-4939-9d5a-b5d6128b544e,33,Carmelita,Carmelita Crampin (ID:00e04f2b-e0ac-4939-9d5a-b5d6128b544e),Web Developer I
Sherman,8ffe1b8d-bae5-4011-84c5-2fca1d6614a6,23,Malinde,Malinde Sherman (ID:8ffe1b8d-bae5-4011-84c5-2fca1d6614a6),Data Coordiator
Old,3d232f63-9cd7-4815-ab04-9e17e4458376,21,Persis,Persis Old (ID:3d232f63-9cd7-4815-ab04-9e17e4458376),Senior Financial Analyst
Ducarne,8dfce7e7-119e-4ec9-894e-1919f53899ce,187,Eugenia,Eugenia Ducarne (ID:8dfce7e7-119e-4ec9-894e-1919f53899ce),Biostatistician III
Garside,30048ecb-81e3-40fe-a17a-1a4a6e147653,120,Darbie,Darbie Garside (ID:30048ecb-81e3-40fe-a17a-1a4a6e147653),VP Accounting
Springell,c5fd6b4b-d16e-44b7-872d-a5c12d6e9400,82,Izaak,Izaak Springell (ID:c5fd6b4b-d16e-44b7-872d-a5c12d6e9400),Product Engineer
Mathy,98e6cdaf-b0f2-4dd9-8f70-847092ea4eba,34,Kerianne,Kerianne Mathy (ID:98e6cdaf-b0f2-4dd9-8f70-847092ea4eba),Senior Developer
MacFayden,7a02affd-ff52-45d7-a6f0-9f212c7a439f,65,Drusilla,Drusilla MacFayden (ID:7a02affd-ff52-45d7-a6f0-9f212c7a439f),Environmental Specialist
Wavell,025aa7c1-35a8-4a2c-b503-f83ab79a0e68,51,Flo,Flo Wavell (ID:025aa7c1-35a8-4a2c-b503-f83ab79a0e68),VP Accounting
Bruckner,cf64054c-949e-4b1d-8a58-7e2c41818f50,160,Dall,Dall Bruckner (ID:cf64054c-949e-4b1d-8a58-7e2c41818f50),Civil Engineer
McNern,d5e0a6dc-49a5-41ef-9687-686b6e50b6b9,78,Dasha,Dasha McNern (ID:d5e0a6dc-49a5-41ef-9687-686b6e50b6b9),Developer I
Fortun,97deb967-af73-43a8-b201-0a41345b0dc6,177,Minetta,Minetta Fortun (ID:97deb967-af73-43a8-b201-0a41345b0dc6),Office Assistant IV
Steptoe,af385e74-ad3b-4c8f-b709-d7ee81a08dff,184,Ivett,Ivett Steptoe (ID:af385e74-ad3b-4c8f-b709-d7ee81a08dff),Account Coordinator
Wallis,233b02a9-d66b-4a36-802f-e3725cedcbb5,63,Cordy,Cordy Wallis (ID:233b02a9-d66b-4a36-802f-e3725cedcbb5),Executive Secretary
Baylay,400d44d6-933f-49c3-ad8d-d4394dd40d8e,49,Ellerey,Ellerey Baylay (ID:400d44d6-933f-49c3-ad8d-d4394dd40d8e),Marketing Manager
Netti,8c2b49bf-822c-42ee-a821-b6b03aad6c72,79,Nicol,Nicol Netti (ID:8c2b49bf-822c-42ee-a821-b6b03aad6c72),Quality Control Specialist
Antal,31efd6f2-4a9a-442c-9d27-c2dd0c90cf83,153,Eben,Eben Antal (ID:31efd6f2-4a9a-442c-9d27-c2dd0c90cf83),Staff Accountant IV
Crosskell,aba467b4-a07f-4198-b299-8b0fd4a82085,69,Charlot,Charlot Crosskell (ID:aba467b4-a07f-4198-b299-8b0fd4a82085),Social Worker
Metts,8f8b2b1c-0214-4beb-981c-51a4257a02d7,162,Tucky,Tucky Metts (ID:8f8b2b1c-0214-4beb-981c-51a4257a02d7),Graphic Designer
Gorelli,17f82a57-cff3-4720-8d9c-d0a99ddd373e,32,Mattie,Mattie Gorelli (ID:17f82a57-cff3-4720-8d9c-d0a99ddd373e),Associate Professor
Tearney,00175e60-8c63-4eab-925b-8828c942b3da,22,Vivienne,Vivienne Tearney (ID:00175e60-8c63-4eab-925b-8828c942b3da),Help Desk Technician
Janas,4dcc1307-52ec-4a56-b189-94d30094b589,66,Brad,Brad Janas (ID:4dcc1307-52ec-4a56-b189-94d30094b589),Internal Auditor
Plott,c2dd92aa-1822-449b-ab5e-160329a7858d,100,Lynnett,Lynnett Plott (ID:c2dd92aa-1822-449b-ab5e-160329a7858d),Database Administrator II
Kubes,ebe06163-645f-4160-8909-4f632c2463fc,179,Jeramie,Jeramie Kubes (ID:ebe06163-645f-4160-8909-4f632c2463fc),Engineer I
Giraudo,f0484f11-eb35-47e8-bddb-3e78d1be9b4f,68,Lavinia,Lavinia Giraudo (ID:f0484f11-eb35-47e8-bddb-3e78d1be9b4f),Senior Quality Engineer
Clerke,e18cd496-215b-4612-b4aa-7b74a68e6582,58,Abramo,Abramo Clerke (ID:e18cd496-215b-4612-b4aa-7b74a68e6582),Analog Circuit Design manager
Sloey,50943572-45f8-4358-9458-e940526d5235,118,Ingaberg,Ingaberg Sloey (ID:50943572-45f8-4358-9458-e940526d5235),Data Coordiator
Camelia,2a0a9271-4bf0-4443-aa85-c01992e68025,121,Randi,Randi Camelia (ID:2a0a9271-4bf0-4443-aa85-c01992e68025),Social Worker
Schankel,1d17a2e0-bc11-40cc-a3de-dadf1d80f6be,11,Geordie,Geordie Schankel (ID:1d17a2e0-bc11-40cc-a3de-dadf1d80f6be),Recruiter
Sidry,2415f093-f272-4801-8c4e-3d16282aa9df,159,Yehudit,Yehudit Sidry (ID:2415f093-f272-4801-8c4e-3d16282aa9df),Operator
Novill,adc73725-9c76-44c4-a2ae-97b67816e1e5,169,Ermanno,Ermanno Novill (ID:adc73725-9c76-44c4-a2ae-97b67816e1e5),Assistant Manager
Rraundl,0a22e52a-6bb4-4cfd-9bf9-56aac7e9a9cb,41,Nalani,Nalani Rraundl (ID:0a22e52a-6bb4-4cfd-9bf9-56aac7e9a9cb),Structural Analysis Engineer
Seiller,999313a8-6aea-4edb-ba54-3d53400ab643,152,Ondrea,Ondrea Seiller (ID:999313a8-6aea-4edb-ba54-3d53400ab643),Geological Engineer
Elsmore,c0839205-4a71-43da-98dd-2aa347112f7c,167,Leonardo,Leonardo Elsmore (ID:c0839205-4a71-43da-98dd-2aa347112f7c),Senior Financial Analyst
Straughan,32906657-b199-48aa-a87c-83d6978778ea,40,Valle,Valle Straughan (ID:32906657-b199-48aa-a87c-83d6978778ea),Pharmacist
Remnant,9c1979b0-9f9d-4479-b296-db5d53c7e818,62,Allayne,Allayne Remnant (ID:9c1979b0-9f9d-4479-b296-db5d53c7e818),Project Manager
Boulds,c7c8dd63-ee73-4ddf-b036-4447d3ded2f6,102,Karla,Karla Boulds (ID:c7c8dd63-ee73-4ddf-b036-4447d3ded2f6),Social Worker
Dornin,39fa7010-5925-4869-8e47-697155e44e12,135,Dianemarie,Dianemarie Dornin (ID:39fa7010-5925-4869-8e47-697155e44e12),Physical Therapy Assistant
Edwick,9f8c7fc0-a5ce-42cc-8ca2-54828e353920,64,Francesca,Francesca Edwick (ID:9f8c7fc0-a5ce-42cc-8ca2-54828e353920),Software Engineer III
Cameli,04d1438f-cd2a-44eb-9727-9c7efa5f0dc7,166,Minerva,Minerva Cameli (ID:04d1438f-cd2a-44eb-9727-9c7efa5f0dc7),Nurse
Whal,119039bb-b4df-4205-ba7e-bdb81859b51f,172,Pam,Pam Whal (ID:119039bb-b4df-4205-ba7e-bdb81859b51f),Human Resources Assistant IV
Posvner,67dc07d8-7f36-494e-b285-c08667a2d64c,131,Sydney,Sydney Posvner (ID:67dc07d8-7f36-494e-b285-c08667a2d64c),Cost Accountant
Hyett,b8801232-4829-45f1-9825-c30c2657bbb4,103,Mollie,Mollie Hyett (ID:b8801232-4829-45f1-9825-c30c2657bbb4),Recruiting Manager
Gumby,7b0e185c-6c28-46c4-ae38-027f4886e78a,116,Anabella,Anabella Gumby (ID:7b0e185c-6c28-46c4-ae38-027f4886e78a),Help Desk Technician
O'Quin,d2c60494-9d51-43e2-ab3c-e3372bbf1b1e,30,Robinett,Robinett O'Quin (ID:d2c60494-9d51-43e2-ab3c-e3372bbf1b1e),Assistant Manager
Manhood,f69dc112-4cc1-4f84-b8ac-0a35ce807bbc,145,Wallace,Wallace Manhood (ID:f69dc112-4cc1-4f84-b8ac-0a35ce807bbc),Help Desk Operator
Dominichelli,cd3f559d-f0e5-4b84-8942-c0e1d5034556,193,Mortie,Mortie Dominichelli (ID:cd3f559d-f0e5-4b84-8942-c0e1d5034556),Research Nurse
Turland,c4a2f250-0f56-4729-ba4d-17901d86ede4,72,Morganica,Morganica Turland (ID:c4a2f250-0f56-4729-ba4d-17901d86ede4),Associate Professor
Canet,d752b106-bedc-4167-bd44-28a4c15062c3,109,Eberhard,Eberhard Canet (ID:d752b106-bedc-4167-bd44-28a4c15062c3),Software Engineer II
Witherdon,d61eab57-2006-43ab-9fad-39c0cbf804f7,141,Fairfax,Fairfax Witherdon (ID:d61eab57-2006-43ab-9fad-39c0cbf804f7),Compensation Analyst
Alderton,8c70e8a7-9eaa-40fd-8b1d-01c43266d15c,55,Odella,Odella Alderton (ID:8c70e8a7-9eaa-40fd-8b1d-01c43266d15c),Research Assistant III
Timmins,0486580b-87bc-4547-8ec9-3858f211e8fe,85,Ginger,Ginger Timmins (ID:0486580b-87bc-4547-8ec9-3858f211e8fe),Database Administrator III
Dykes,e798ca26-d3f3-4efa-aa57-502ba538fc1a,157,Evelyn,Evelyn Dykes (ID:e798ca26-d3f3-4efa-aa57-502ba538fc1a),Research Assistant II
Bonnier,0d833f9a-cb64-44a0-86a2-2baac1bf944f,92,Ali,Ali Bonnier (ID:0d833f9a-cb64-44a0-86a2-2baac1bf944f),Community Outreach Specialist
Muzzlewhite,a3aaccb5-9830-4400-b7e5-356cf20aa871,146,Vail,Vail Muzzlewhite (ID:a3aaccb5-9830-4400-b7e5-356cf20aa871),Senior Developer
Odgaard,06b97d78-6fad-46f6-8d32-ee8b24706af5,156,Florencia,Florencia Odgaard (ID:06b97d78-6fad-46f6-8d32-ee8b24706af5),Food Chemist
Pollok,d4d4336e-5611-4299-be99-a14150f912c3,133,Pall,Pall Pollok (ID:d4d4336e-5611-4299-be99-a14150f912c3),Help Desk Technician
Hartwell,d5268cfa-615c-4cc6-8733-148be9a3e8cf,28,Isidor,Isidor Hartwell (ID:d5268cfa-615c-4cc6-8733-148be9a3e8cf),VP Sales
Switzer,1b98073b-bcdd-4bb8-921d-ec7c2d2f9ef2,6,Gwendolen,Gwendolen Switzer (ID:1b98073b-bcdd-4bb8-921d-ec7c2d2f9ef2),Internal Auditor
Rubinfeld,63c4d0b3-a950-4848-9b9e-bc4ac364825b,93,Ellynn,Ellynn Rubinfeld (ID:63c4d0b3-a950-4848-9b9e-bc4ac364825b),Compensation Analyst
Garnall,b5059d45-65c3-41b1-8f0f-8811c8ec5094,54,Amanda,Amanda Garnall (ID:b5059d45-65c3-41b1-8f0f-8811c8ec5094),Legal Assistant
Martlew,b6838433-9776-4d2a-86c2-882ffb9888b2,113,Colin,Colin Martlew (ID:b6838433-9776-4d2a-86c2-882ffb9888b2),Project Manager
Pechacek,1e09c5c3-d618-4b73-a2f6-bb637719a031,117,Dulci,Dulci Pechacek (ID:1e09c5c3-d618-4b73-a2f6-bb637719a031),Health Coach II
Fullard,ced43a37-cd82-49e4-8cb6-ed54c3ebbb79,70,Gard,Gard Fullard (ID:ced43a37-cd82-49e4-8cb6-ed54c3ebbb79),Assistant Media Planner
Fyall,6d44969c-4e5f-42e7-bf2e-8b9886bc498a,126,Gilly,Gilly Fyall (ID:6d44969c-4e5f-42e7-bf2e-8b9886bc498a),Staff Accountant II
Voce,68b1bd7a-c608-49c7-9804-4ef1bec371d1,18,Pammi,Pammi Voce (ID:68b1bd7a-c608-49c7-9804-4ef1bec371d1),Engineer I
Saurin,6fce3e76-cb15-40f2-866e-da40b7a1d645,84,Jayson,Jayson Saurin (ID:6fce3e76-cb15-40f2-866e-da40b7a1d645),Quality Control Specialist
Rivalant,908f3f9f-06b1-4bea-8f55-61dbf1b2b596,67,Briggs,Briggs Rivalant (ID:908f3f9f-06b1-4bea-8f55-61dbf1b2b596),Account Representative IV
Tetther,308e34ae-fba5-41c2-aef2-819ec0ce511a,9,Kata,Kata Tetther (ID:308e34ae-fba5-41c2-aef2-819ec0ce511a),Nuclear Power Engineer
Griggs,af87eaf3-6784-4432-9bef-ee78e46be1db,173,Cole,Cole Griggs (ID:af87eaf3-6784-4432-9bef-ee78e46be1db),General Manager
Packington,423e4bc3-6cc0-4789-af82-11a58c803c88,15,Jesus,Jesus Packington (ID:423e4bc3-6cc0-4789-af82-11a58c803c88),Physical Therapy Assistant
Mepsted,20eae93c-b938-4eb0-b548-114a1de1710a,19,Reiko,Reiko Mepsted (ID:20eae93c-b938-4eb0-b548-114a1de1710a),Cost Accountant
McGarvie,83b97553-2667-41ab-9741-ad6e3eb3730a,198,Olly,Olly McGarvie (ID:83b97553-2667-41ab-9741-ad6e3eb3730a),Structural Engineer
Aylin,3d23f9d9-c4ad-455b-911f-bf8fe427643d,46,Fianna,Fianna Aylin (ID:3d23f9d9-c4ad-455b-911f-bf8fe427643d),Human Resources Manager
Fairbairn,8b7d3201-f7be-47ef-83c4-f82d2aef8ae6,38,Anna-diana,Anna-diana Fairbairn (ID:8b7d3201-f7be-47ef-83c4-f82d2aef8ae6),Marketing Manager
Minty,2d831c42-297e-4713-a9f1-230c82b72e22,174,Valentia,Valentia Minty (ID:2d831c42-297e-4713-a9f1-230c82b72e22),Professor
Dulton,27eb1d4a-3384-4575-982c-c3e142910038,42,John,John Dulton (ID:27eb1d4a-3384-4575-982c-c3e142910038),Community Outreach Specialist
Parks,27b91c5d-4928-4a03-8c10-7c028ec7ac11,110,Giusto,Giusto Parks (ID:27b91c5d-4928-4a03-8c10-7c028ec7ac11),VP Quality Control
Vedenisov,01759b52-47bd-43c7-843f-82d8a9b2904c,104,Arvin,Arvin Vedenisov (ID:01759b52-47bd-43c7-843f-82d8a9b2904c),Media Manager III
Habberjam,8d824b7c-3cc9-43ba-815a-3d01ea27c765,17,Brandea,Brandea Habberjam (ID:8d824b7c-3cc9-43ba-815a-3d01ea27c765),Information Systems Manager
Starten,542e08da-283c-44e3-bbb1-299ce047079f,48,Leticia,Leticia Starten (ID:542e08da-283c-44e3-bbb1-299ce047079f),Administrative Officer
Cuerdall,6dc7680d-3a04-42bc-9d14-807cd8e0950f,180,Zared,Zared Cuerdall (ID:6dc7680d-3a04-42bc-9d14-807cd8e0950f),Research Assistant IV
Craydon,213c37a2-c3b7-48ba-9b75-564ab0ecb4b6,25,Lissa,Lissa Craydon (ID:213c37a2-c3b7-48ba-9b75-564ab0ecb4b6),Design Engineer
Baigent,45498441-3b81-45bd-8d6a-6ecb0ac3ffa8,148,Ina,Ina Baigent (ID:45498441-3b81-45bd-8d6a-6ecb0ac3ffa8),Civil Engineer
Mil,dd843371-6ef6-47a1-b4bc-99d627928630,112,Kylie,Kylie Mil (ID:dd843371-6ef6-47a1-b4bc-99d627928630),Electrical Engineer
Folini,26289b8e-94dd-4f72-badb-88874c362861,45,Ora,Ora Folini (ID:26289b8e-94dd-4f72-badb-88874c362861),Chemical Engineer
Dart,a7824ca4-cbbc-4df7-b7bb-0f2c0f15c719,115,Sondra,Sondra Dart (ID:a7824ca4-cbbc-4df7-b7bb-0f2c0f15c719),Safety Technician I
Claridge,d1b1bbb4-44ec-4c46-851f-d9880de30e7b,194,Dorelle,Dorelle Claridge (ID:d1b1bbb4-44ec-4c46-851f-d9880de30e7b),Librarian
Rothschild,fbccf4a5-7de4-43a0-9d24-ca6dc5d544ec,39,Melisa,Melisa Rothschild (ID:fbccf4a5-7de4-43a0-9d24-ca6dc5d544ec),Software Engineer IV